{
  "best_config": {
    "learning_rate": 7.921888854601892e-05,
    "weight_decay": 0.00018515489991755062,
    "adam_beta1": 0.8704367941617965,
    "adam_beta2": 0.9826043969392776,
    "warmup_steps": 154,
    "train_batch": 12
  },
  "best_f1": 0.48648648648648646,
  "best_trial": 19
}