{
  "best_config": {
    "learning_rate": 5.718217551332427e-05,
    "weight_decay": 5.6910126891017634e-05,
    "adam_beta1": 0.8012530576433033,
    "adam_beta2": 0.9858699234349114,
    "warmup_steps": 102,
    "train_batch": 9
  },
  "best_f1": 0.4631578947368421,
  "best_trial": 4
}